A&E,FOD
ABC,FOD
ABC Family,FOD
Action Sport Network,FOD
Adult Swim,FOD
AMC,FOD
Animal Planet,FOD
Anime on Demand,SVOD
BBC America,FOD
BET,FOD
Bollywood Hits,SVOD
Boomerang,FOD
Bravo,FOD
Cartoon Network,FOD
CBS,FOD
Centroamerica TV,FOD
Cine Mexicano,FOD
Cinemax on Demand,SVOD
CMT,FOD
CNBC,FOD
CNN,FOD
Comedy Central,FOD
Cooking Channel,FOD
Destination America,FOD
Discovery Channel,FOD
Discovery Family,FOD
Disney Family Movies,SVOD
Disney on Demand,SVOD
Disney XD,FOD
DIY Network,FOD
E!,FOD
Encore On Demand,SVOD
Enlace,FOD
ESPN,FOD
Esquire Network,FOD
Exercise Sportskool,FOD
FMSG,FOD
Food Network,FOD
FOX,FOD
FUNimation,SVOD
Fuse,FOD
Fusion,FOD
FX,FOD
FXM,FOD
FXX,FOD
FYI,FOD
Galavision,FOD
Golf Channel,FOD
H2,FOD
Hallmark Channel,FOD
Havoc Music,FOD
Havoc Sports,FOD
HBO on Demand,SVOD
HBO Previews,FOD
here On Demand,SVOD
HGTV,FOD
History,FOD
ID Discovery,FOD
IFC Free,FOD
IFC Uncensored,SVOD
Kabillion,FOD
Kabillion Girls Rule,FOD
Lifetime,FOD
LOCAL,FOD
Logo,FOD
Mag Rack,FOD
MC Music Choice,FOD
Military Channel,FOD
Movies on Demand,FOD
MSNBC,FOD
MTV,FOD
MTV2,FOD
MundoMax,FOD
Nat Geo Wild,FOD
National Geographic,FOD
NBC,FOD
NBC Sports,FOD
News12 on Demand,FOD
Nick Jr.,FOD
Nick on Demand,FOD
OWN,FOD
Oxygen,FOD
Palladia,FOD
Pasiones,FOD
PLAYBOY On Demand,SVOD
SCIENCE,FOD
Showtime on Demand,SVOD
Smithsonian,FOD
Spike,FOD
Sportskool,FOD
Starz On Demand,SVOD
Sundance,FOD
Syfy,FOD
TBS,FOD
TCM,FOD
TeenNick,FOD
Telemundo,FOD
The Broadway Channel,FOD
The CW,FOD
The Jewish Channel,SVOD
The Jungle,FOD
The Weather Channel,FOD
TLC,FOD
TMC On Demand,SVOD
TMTV,SVOD
TNT,FOD
TOKU,SVOD
Tr3s,FOD
Travel Channel,FOD
truTV,FOD
TV Dominicana,FOD
TV Land,FOD
UniMas On Demand,FOD
Univision On Demand,FOD
UP,FOD
USA Network,FOD
Velocity,FOD
Vh1,FOD
Vh1 Classic,FOD
WE tv,FOD
WP Latino,FOD
Starz,SVOD
Starz Encore,SVOD
Too Much for TV,SVOD
